,Тип кузова
0,Седан
1,Седан
2,Седан
3,Лифтбэк
4,Седан
5,Седан
6,Седан
7,Седан
8,Седан
9,Седан
10,Седан
11,Внедорожник
12,Седан
13,Седан
14,Седан
15,Седан
16,Седан
17,Седан
18,Седан
19,Седан
20,Седан
21,Седан
22,Седан
23,Седан
24,Седан
25,Седан
26,Седан
27,Седан
28,Седан
29,Седан
30,Седан
31,Внедорожник
32,Седан
33,Лифтбэк
34,Седан
35,Седан
36,Седан
37,Седан
38,Седан
39,Седан
40,Седан
41,Седан
42,Лифтбэк
43,Внедорожник
44,Седан
45,Внедорожник
46,Седан
47,Внедорожник
48,Седан
49,Седан
50,Седан
51,Седан
52,Седан
53,Седан
54,Седан
55,Седан
56,Седан
57,Седан
58,Седан
59,Внедорожник
60,Седан
61,Седан
62,Внедорожник
63,Седан
64,Седан
65,Седан
66,Седан
67,Внедорожник
68,Внедорожник
69,Внедорожник
70,Внедорожник
71,Седан
72,Седан
73,Седан
74,Седан
75,Седан
76,Седан
77,Седан
78,Седан
79,Внедорожник
80,Внедорожник
81,Седан
82,Седан
83,Седан
84,Внедорожник
85,Седан
86,Внедорожник
87,Седан
88,Седан
89,Седан
90,Седан
91,Седан
92,Седан
93,Седан
94,Седан
95,Седан
96,Седан
97,Седан
98,Седан
99,Седан
100,Седан
101,Седан
102,Седан
103,Седан
104,Седан
105,Седан
106,Седан
107,Седан
108,Седан
109,Седан
110,Седан
111,Седан
112,Седан
113,Седан
114,Седан
115,Седан
116,Седан
117,Седан
118,Седан
119,Седан
120,Седан
121,Седан
122,Внедорожник
123,Седан
124,Седан
125,Внедорожник
126,Седан
127,Седан
128,Седан
129,Седан
130,Седан
131,Седан
132,Седан
133,Лифтбэк
134,Седан
135,Седан
136,Седан
137,Седан
138,Внедорожник
139,Седан
140,Седан
141,Лифтбэк
142,Седан
143,Седан
144,Внедорожник
145,Седан
146,Седан
147,Седан
148,Седан
149,Седан
150,Седан
151,Седан
152,Седан
153,Седан
154,Седан
155,Седан
156,Седан
157,Седан
158,Седан
159,Седан
160,Внедорожник
161,Седан
162,Седан
163,Седан
164,Седан
165,Седан
166,Седан
167,Седан
168,Седан
169,Седан
170,Внедорожник
171,Седан
172,Седан
173,Седан
174,Седан
175,Седан
176,Седан
177,Седан
178,Седан
179,Седан
180,Лифтбэк
181,Седан
182,Седан
183,Седан
184,Внедорожник
185,Седан
186,Седан
187,Седан
188,Седан
189,Седан
190,Седан
191,Седан
192,Седан
193,Седан
194,Седан
195,Седан
196,Седан
197,Внедорожник
198,Седан
199,Седан
200,Седан
201,Седан
202,Седан
203,Седан
204,Внедорожник
205,Седан
206,Седан
207,Седан
208,Седан
209,Седан
210,Лифтбэк
211,Седан
212,Седан
213,Седан
214,Седан
215,Седан
216,Внедорожник
217,Седан
218,Седан
219,Внедорожник
220,Седан
221,Седан
222,Седан
223,Седан
224,Седан
225,Седан
226,Внедорожник
227,Внедорожник
228,Седан
229,Седан
230,Седан
231,Седан
232,Седан
233,Седан
234,Седан
235,Седан
236,Внедорожник
237,Седан
238,Седан
239,Седан
240,Лифтбэк
241,Внедорожник
242,Седан
243,Седан
244,Седан
245,Седан
246,Седан
247,Седан
248,Седан
249,Седан
250,Седан
251,Седан
252,Седан
253,Седан
254,Седан
255,Седан
256,Седан
257,Седан
258,Внедорожник
259,Седан
260,Седан
261,Седан
262,Внедорожник
263,Седан
264,Седан
265,Седан
266,Седан
267,Седан
268,Седан
269,Седан
270,Седан
271,Седан
272,Седан
273,Седан
274,Седан
275,Внедорожник
276,Седан
277,Седан
278,Внедорожник
279,Седан
280,Седан
281,Седан
282,Седан
283,Внедорожник
284,Седан
285,Седан
286,Седан
287,Седан
288,Седан
289,Седан
290,Седан
291,Седан
292,Седан
293,Седан
294,Седан
295,Седан
296,Внедорожник
297,Седан
298,Седан
299,Седан
300,Седан
301,Седан
302,Внедорожник
303,Седан
304,Седан
305,Седан
306,Седан
307,Седан
308,Седан
309,Седан
310,Седан
311,Седан
312,Седан
313,Седан
314,Седан
315,Седан
316,Седан
317,Седан
318,Седан
319,Седан
320,Седан
321,Внедорожник
322,Внедорожник
323,Внедорожник
324,Лифтбэк
325,Внедорожник
326,Седан
327,Седан
328,Седан
329,Седан
330,Седан
331,Седан
332,Седан
333,Седан
334,Седан
335,Седан
336,Седан
337,Седан
338,Седан
339,Внедорожник
340,Седан
341,Седан
342,Седан
343,Седан
344,Седан
345,Седан
346,Седан
347,Седан
348,Седан
349,Седан
350,Седан
351,Седан
352,Внедорожник
353,Седан
354,Седан
355,Седан
356,Внедорожник
357,Седан
358,Седан
359,Седан
360,Седан
361,Седан
362,Седан
363,Седан
364,Седан
365,Седан
366,Седан
367,Седан
368,Внедорожник
369,Внедорожник
370,Седан
371,Седан
372,Седан
373,Внедорожник
374,Седан
375,Седан
376,Седан
377,Седан
378,Седан
379,Седан
380,Седан
381,Седан
382,Внедорожник
383,Внедорожник
384,Седан
385,Седан
386,Седан
387,Седан
388,Седан
389,Седан
390,Седан
391,Седан
392,Седан
393,Седан
394,Седан
395,Седан
396,Седан
397,Внедорожник
398,Седан
399,Седан
400,Седан
401,Седан
402,Седан
403,Седан
404,Седан
405,Внедорожник
406,Седан
407,Седан
408,Седан
409,Седан
410,Седан
411,Седан
412,Седан
413,Седан
414,Седан
415,Седан
416,Седан
417,Внедорожник
418,Седан
419,Седан
420,Седан
421,Седан
422,Седан
423,Седан
424,Седан
425,Седан
426,Седан
427,Седан
428,Седан
429,Седан
430,Седан
431,Внедорожник
432,Седан
433,Внедорожник
434,Седан
435,Седан
436,Седан
437,Седан
438,Внедорожник
439,Лифтбэк
440,Седан
441,Седан
442,Седан
443,Седан
444,Внедорожник
445,Седан
446,Седан
447,Седан
448,Седан
449,Седан
450,Седан
451,Седан
452,Седан
453,Лифтбэк
454,Седан
455,Седан
456,Внедорожник
457,Седан
458,Седан
459,Седан
460,Седан
461,Внедорожник
462,Седан
463,Седан
464,Седан
465,Седан
466,Седан
467,Седан
468,Седан
469,Седан
470,Седан
471,Седан
472,Седан
473,Седан
474,Седан
475,Седан
476,Седан
477,Седан
478,Седан
479,Седан
480,Внедорожник
481,Внедорожник
482,Внедорожник
483,Седан
484,Седан
485,Седан
486,Седан
487,Седан
488,Внедорожник
489,Седан
490,Седан
491,Седан
492,Седан
493,Седан
494,Седан
495,Седан
496,Седан
497,Внедорожник
498,Седан
499,Седан
500,Седан
501,Седан
502,Седан
503,Седан
504,Седан
505,Седан
506,Седан
507,Внедорожник
508,Седан
509,Седан
510,Внедорожник
511,Седан
512,Седан
513,Седан
514,Внедорожник
515,Седан
516,Седан
517,Седан
518,Седан
519,Седан
520,Седан
521,Седан
522,Седан
523,Седан
524,Седан
525,Седан
526,Седан
527,Седан
528,Седан
529,Седан
530,Седан
531,Седан
532,Седан
533,Внедорожник
534,Седан
535,Седан
536,Седан
537,Седан
538,Седан
539,Седан
540,Седан
541,Седан
542,Седан
543,Седан
544,Седан
545,Седан
546,Седан
547,Седан
548,Седан
549,Седан
550,Седан
551,Седан
552,Седан
553,Седан
554,Седан
555,Седан
556,Седан
557,Седан
558,Седан
559,Седан
560,Седан
561,Седан
562,Седан
563,Седан
564,Седан
565,Седан
566,Седан
567,Седан
568,Седан
569,Седан
570,Седан
571,Седан
572,Седан
573,Седан
574,Седан
575,Седан
576,Седан
577,Седан
578,Седан
579,Седан
580,Седан
581,Седан
582,Седан
583,Седан
584,Седан
585,Седан
586,Седан
587,Седан
588,Седан
589,Внедорожник
590,Седан
591,Внедорожник
592,Седан
593,Внедорожник
594,Седан
595,Седан
596,Седан
597,Седан
598,Внедорожник
599,Седан
600,Седан
601,Седан
602,Седан
603,Седан
604,Внедорожник
605,Седан
606,Седан
607,Седан
608,Седан
609,Внедорожник
610,Седан
611,Седан
612,Седан
613,Седан
614,Внедорожник
615,Седан
616,Седан
617,Седан
618,Внедорожник
619,Седан
620,Седан
621,Седан
622,Внедорожник
623,Седан
624,Седан
625,Лифтбэк
626,Внедорожник
627,Седан
628,Седан
629,Седан
630,Внедорожник
631,Седан
632,Седан
633,Седан
634,Внедорожник
635,Седан
636,Седан
637,Седан
638,Седан
639,Седан
640,Седан
641,Седан
642,Седан
643,Седан
644,Седан
645,Седан
646,Седан
647,Седан
648,Седан
649,Внедорожник
650,Седан
651,Седан
652,Седан
653,Внедорожник
654,Седан
655,Седан
656,Седан
657,Седан
658,Седан
659,Внедорожник
660,Седан
661,Седан
662,Седан
663,Седан
664,Седан
665,Седан
666,Лифтбэк
667,Седан
668,Седан
669,Седан
670,Седан
671,Седан
672,Седан
673,Седан
674,Седан
675,Седан
676,Седан
677,Седан
678,Внедорожник
679,Седан
680,Седан
681,Седан
682,Седан
683,Седан
684,Седан
685,Седан
686,Внедорожник
687,Внедорожник
688,Внедорожник
689,Седан
690,Внедорожник
691,Седан
692,Седан
693,Седан
694,Седан
695,Внедорожник
696,Седан
697,Седан
698,Седан
699,Внедорожник
700,Седан
701,Седан
702,Седан
703,Седан
704,Седан
705,Седан
706,Седан
707,Седан
708,Седан
709,Седан
710,Седан
711,Внедорожник
712,Лифтбэк
713,Внедорожник
714,Седан
715,Седан
716,Седан
717,Седан
718,Седан
719,Седан
720,Седан
721,Седан
722,Внедорожник
723,Седан
724,Седан
725,Седан
726,Седан
727,Седан
728,Лифтбэк
729,Седан
730,Седан
731,Седан
732,Седан
733,Седан
734,Седан
735,Внедорожник
736,Седан
737,Седан
738,Седан
739,Седан
740,Седан
741,Седан
742,Внедорожник
743,Седан
744,Седан
745,Седан
746,Внедорожник
747,Седан
748,Седан
749,Седан
750,Седан
751,Седан
752,Седан
753,Седан
754,Лифтбэк
755,Седан
756,Внедорожник
757,Внедорожник
758,Внедорожник
759,Седан
760,Седан
761,Седан
762,Седан
763,Седан
764,Седан
765,Седан
766,Седан
767,Седан
768,Внедорожник
769,Седан
770,Седан
771,Седан
772,Седан
773,Седан
774,Внедорожник
775,Седан
776,Седан
777,Седан
778,Седан
779,Седан
780,Внедорожник
781,Седан
782,Седан
783,Седан
784,Седан
785,Седан
786,Внедорожник
787,Седан
788,Седан
789,Седан
790,Седан
791,Внедорожник
792,Внедорожник
793,Седан
794,Седан
795,Седан
796,Седан
797,Седан
798,Седан
799,Внедорожник
800,Внедорожник
801,Седан
802,Седан
803,Седан
804,Седан
805,Седан
806,Седан
807,Седан
808,Седан
809,Внедорожник
810,Седан
811,Седан
812,Седан
813,Седан
814,Седан
815,Седан
816,Седан
817,Седан
818,Седан
819,Седан
820,Седан
821,Седан
822,Седан
823,Седан
824,Седан
825,Седан
826,Седан
827,Седан
828,Внедорожник
829,Внедорожник
830,Седан
831,Седан
832,Седан
833,Седан
834,Внедорожник
835,Седан
836,Седан
837,Седан
838,Седан
839,Седан
840,Седан
841,Внедорожник
842,Седан
843,Седан
844,Седан
845,Седан
846,Седан
847,Седан
848,Седан
849,Седан
850,Седан
851,Седан
852,Седан
853,Седан
854,Внедорожник
855,Седан
856,Седан
857,Седан
858,Седан
859,Седан
860,Седан
861,Внедорожник
862,Седан
863,Седан
864,Седан
865,Седан
866,Седан
867,Седан
868,Седан
869,Седан
870,Седан
871,Седан
872,Внедорожник
873,Седан
874,Седан
875,Седан
876,Седан
877,Седан
878,Седан
879,Седан
880,Седан
881,Седан
882,Седан
883,Седан
884,Седан
885,Седан
886,Седан
887,Седан
888,Внедорожник
889,Внедорожник
890,Седан
891,Седан
892,Седан
893,Внедорожник
894,Лифтбэк
895,Седан
896,Седан
897,Седан
898,Лифтбэк
899,Седан
900,Седан
901,Седан
902,Седан
903,Седан
904,Седан
905,Седан
906,Седан
907,Седан
908,Внедорожник
909,Внедорожник
910,Внедорожник
911,Внедорожник
912,Внедорожник
913,Внедорожник
914,Внедорожник
915,Внедорожник
916,Внедорожник
917,Внедорожник
918,Внедорожник
919,Внедорожник
920,Внедорожник
921,Внедорожник
922,Внедорожник
923,Внедорожник
924,Внедорожник
925,Внедорожник
926,Внедорожник
927,Внедорожник
928,Внедорожник
929,Внедорожник
930,Внедорожник
931,Внедорожник
932,Внедорожник
933,Внедорожник
934,Внедорожник
935,Внедорожник
936,Внедорожник
937,Внедорожник
938,Внедорожник
939,Внедорожник
940,Внедорожник
941,Внедорожник
942,Внедорожник
943,Внедорожник
944,Внедорожник
945,Внедорожник
946,Внедорожник
947,Внедорожник
948,Внедорожник
949,Внедорожник
950,Внедорожник
951,Внедорожник
952,Внедорожник
953,Внедорожник
954,Внедорожник
955,Внедорожник
956,Внедорожник
957,Внедорожник
958,Внедорожник
959,Внедорожник
960,Внедорожник
961,Внедорожник
962,Внедорожник
963,Внедорожник
964,Внедорожник
965,Внедорожник
966,Внедорожник
967,Внедорожник
968,Внедорожник
969,Внедорожник
970,Внедорожник
971,Внедорожник
972,Внедорожник
973,Внедорожник
974,Внедорожник
975,Внедорожник
976,Внедорожник
977,Внедорожник
978,Внедорожник
979,Внедорожник
980,Внедорожник
981,Внедорожник
982,Внедорожник
983,Внедорожник
984,Внедорожник
985,Внедорожник
986,Внедорожник
987,Внедорожник
988,Внедорожник
989,Внедорожник
990,Внедорожник
991,Внедорожник
992,Внедорожник
993,Внедорожник
994,Внедорожник
995,Внедорожник
996,Внедорожник
997,Внедорожник
998,Внедорожник
999,Внедорожник
1000,Внедорожник
1001,Внедорожник
1002,Внедорожник
1003,Внедорожник
1004,Внедорожник
1005,Внедорожник
1006,Внедорожник
1007,Внедорожник
1008,Внедорожник
1009,Внедорожник
1010,Внедорожник
1011,Внедорожник
1012,Внедорожник
1013,Внедорожник
1014,Внедорожник
1015,Внедорожник
1016,Внедорожник
1017,Внедорожник
1018,Внедорожник
1019,Внедорожник
1020,Внедорожник
1021,Внедорожник
1022,Внедорожник
1023,Внедорожник
1024,Внедорожник
1025,Внедорожник
1026,Внедорожник
1027,Внедорожник
1028,Внедорожник
1029,Внедорожник
1030,Внедорожник
1031,Внедорожник
1032,Внедорожник
1033,Внедорожник
1034,Внедорожник
1035,Внедорожник
1036,Внедорожник
1037,Внедорожник
1038,Внедорожник
1039,Внедорожник
1040,Внедорожник
1041,Внедорожник
1042,Внедорожник
1043,Внедорожник
1044,Внедорожник
1045,Внедорожник
1046,Внедорожник
1047,Внедорожник
1048,Внедорожник
1049,Внедорожник
1050,Внедорожник
1051,Внедорожник
1052,Внедорожник
1053,Внедорожник
1054,Внедорожник
1055,Внедорожник
1056,Внедорожник
1057,Внедорожник
1058,Внедорожник
1059,Внедорожник
1060,Внедорожник
1061,Внедорожник
1062,Внедорожник
1063,Внедорожник
1064,Внедорожник
1065,Внедорожник
1066,Внедорожник
1067,Внедорожник
1068,Внедорожник
1069,Внедорожник
1070,Внедорожник
1071,Внедорожник
1072,Внедорожник
1073,Внедорожник
1074,Внедорожник
1075,Внедорожник
1076,Внедорожник
1077,Внедорожник
1078,Внедорожник
1079,Внедорожник
1080,Внедорожник
1081,Внедорожник
1082,Внедорожник
1083,Внедорожник
1084,Внедорожник
1085,Внедорожник
1086,Внедорожник
1087,Внедорожник
1088,Внедорожник
1089,Внедорожник
1090,Внедорожник
1091,Внедорожник
1092,Внедорожник
1093,Внедорожник
1094,Внедорожник
1095,Внедорожник
1096,Внедорожник
1097,Внедорожник
1098,Внедорожник
1099,Внедорожник
1100,Внедорожник
1101,Внедорожник
1102,Внедорожник
1103,Внедорожник
1104,Внедорожник
1105,Внедорожник
1106,Внедорожник
1107,Внедорожник
1108,Внедорожник
1109,Внедорожник
1110,Внедорожник
1111,Внедорожник
1112,Внедорожник
1113,Внедорожник
1114,Внедорожник
1115,Внедорожник
1116,Внедорожник
1117,Внедорожник
1118,Внедорожник
1119,Внедорожник
1120,Внедорожник
1121,Внедорожник
1122,Внедорожник
1123,Внедорожник
1124,Внедорожник
1125,Внедорожник
1126,Внедорожник
1127,Внедорожник
1128,Внедорожник
1129,Внедорожник
1130,Внедорожник
1131,Внедорожник
1132,Внедорожник
1133,Внедорожник
1134,Внедорожник
1135,Внедорожник
1136,Внедорожник
1137,Внедорожник
1138,Внедорожник
1139,Внедорожник
1140,Внедорожник
1141,Внедорожник
1142,Внедорожник
1143,Внедорожник
1144,Внедорожник
1145,Внедорожник
1146,Внедорожник
1147,Внедорожник
1148,Внедорожник
1149,Внедорожник
1150,Внедорожник
1151,Внедорожник
1152,Внедорожник
1153,Внедорожник
1154,Внедорожник
1155,Внедорожник
1156,Внедорожник
1157,Внедорожник
1158,Внедорожник
1159,Внедорожник
1160,Внедорожник
1161,Внедорожник
1162,Внедорожник
1163,Внедорожник
1164,Внедорожник
1165,Внедорожник
1166,Внедорожник
1167,Внедорожник
1168,Внедорожник
1169,Внедорожник
1170,Внедорожник
1171,Внедорожник
1172,Внедорожник
1173,Внедорожник
1174,Внедорожник
1175,Внедорожник
1176,Внедорожник
1177,Внедорожник
1178,Внедорожник
1179,Внедорожник
1180,Внедорожник
1181,Внедорожник
1182,Внедорожник
1183,Внедорожник
1184,Внедорожник
1185,Внедорожник
1186,Внедорожник
1187,Внедорожник
1188,Внедорожник
1189,Внедорожник
1190,Внедорожник
1191,Внедорожник
1192,Внедорожник
1193,Внедорожник
1194,Внедорожник
1195,Внедорожник
1196,Внедорожник
1197,Внедорожник
1198,Внедорожник
1199,Внедорожник
1200,Внедорожник
1201,Внедорожник
1202,Внедорожник
1203,Внедорожник
1204,Внедорожник
1205,Внедорожник
1206,Внедорожник
1207,Внедорожник
1208,Внедорожник
1209,Внедорожник
1210,Внедорожник
1211,Внедорожник
1212,Внедорожник
1213,Внедорожник
1214,Внедорожник
1215,Внедорожник
1216,Внедорожник
1217,Внедорожник
1218,Внедорожник
1219,Внедорожник
1220,Внедорожник
1221,Внедорожник
1222,Внедорожник
1223,Внедорожник
1224,Внедорожник
1225,Внедорожник
1226,Внедорожник
1227,Внедорожник
1228,Внедорожник
1229,Внедорожник
1230,Внедорожник
1231,Внедорожник
1232,Внедорожник
1233,Внедорожник
1234,Внедорожник
1235,Внедорожник
1236,Внедорожник
1237,Внедорожник
1238,Внедорожник
1239,Внедорожник
1240,Внедорожник
1241,Внедорожник
1242,Внедорожник
1243,Внедорожник
1244,Внедорожник
1245,Внедорожник
1246,Внедорожник
1247,Внедорожник
1248,Внедорожник
1249,Внедорожник
1250,Внедорожник
1251,Внедорожник
1252,Внедорожник
1253,Внедорожник
1254,Внедорожник
1255,Внедорожник
1256,Внедорожник
1257,Внедорожник
1258,Внедорожник
1259,Внедорожник
1260,Внедорожник
1261,Внедорожник
1262,Внедорожник
1263,Внедорожник
1264,Внедорожник
1265,Внедорожник
1266,Внедорожник
1267,Внедорожник
1268,Внедорожник
1269,Внедорожник
1270,Внедорожник
1271,Внедорожник
1272,Внедорожник
1273,Внедорожник
1274,Внедорожник
1275,Внедорожник
1276,Внедорожник
1277,Внедорожник
1278,Внедорожник
1279,Внедорожник
1280,Внедорожник
1281,Внедорожник
1282,Внедорожник
1283,Внедорожник
1284,Внедорожник
1285,Внедорожник
1286,Внедорожник
1287,Внедорожник
1288,Внедорожник
1289,Внедорожник
1290,Внедорожник
1291,Внедорожник
1292,Внедорожник
1293,Внедорожник
1294,Внедорожник
1295,Внедорожник
1296,Внедорожник
1297,Внедорожник
1298,Внедорожник
1299,Внедорожник
1300,Внедорожник
1301,Внедорожник
1302,Внедорожник
1303,Внедорожник
1304,Внедорожник
1305,Внедорожник
1306,Внедорожник
1307,Внедорожник
1308,Внедорожник
1309,Внедорожник
1310,Внедорожник
1311,Внедорожник
1312,Внедорожник
1313,Внедорожник
1314,Внедорожник
1315,Внедорожник
1316,Внедорожник
1317,Внедорожник
1318,Внедорожник
1319,Внедорожник
1320,Внедорожник
1321,Внедорожник
1322,Внедорожник
1323,Внедорожник
1324,Внедорожник
1325,Внедорожник
1326,Внедорожник
1327,Внедорожник
1328,Внедорожник
1329,Внедорожник
1330,Внедорожник
1331,Внедорожник
1332,Внедорожник
1333,Внедорожник
1334,Внедорожник
1335,Внедорожник
1336,Внедорожник
1337,Внедорожник
1338,Внедорожник
1339,Внедорожник
1340,Внедорожник
1341,Внедорожник
1342,Внедорожник
1343,Внедорожник
1344,Внедорожник
1345,Внедорожник
1346,Внедорожник
1347,Внедорожник
1348,Внедорожник
1349,Внедорожник
1350,Внедорожник
1351,Внедорожник
1352,Внедорожник
1353,Внедорожник
1354,Внедорожник
1355,Внедорожник
1356,Внедорожник
1357,Внедорожник
1358,Внедорожник
1359,Внедорожник
1360,Внедорожник
1361,Внедорожник
1362,Внедорожник
1363,Внедорожник
1364,Внедорожник
1365,Внедорожник
1366,Внедорожник
1367,Внедорожник
1368,Внедорожник
1369,Внедорожник
1370,Внедорожник
1371,Внедорожник
1372,Внедорожник
1373,Внедорожник
1374,Внедорожник
1375,Внедорожник
1376,Внедорожник
1377,Внедорожник
1378,Внедорожник
1379,Внедорожник
1380,Внедорожник
1381,Внедорожник
1382,Внедорожник
1383,Внедорожник
1384,Внедорожник
1385,Внедорожник
1386,Внедорожник
1387,Внедорожник
1388,Внедорожник
1389,Внедорожник
1390,Внедорожник
1391,Внедорожник
1392,Внедорожник
1393,Внедорожник
1394,Внедорожник
1395,Внедорожник
1396,Внедорожник
1397,Внедорожник
1398,Внедорожник
1399,Внедорожник
1400,Внедорожник
1401,Внедорожник
1402,Внедорожник
1403,Внедорожник
1404,Внедорожник
1405,Внедорожник
1406,Внедорожник
1407,Внедорожник
1408,Внедорожник
1409,Внедорожник
1410,Внедорожник
1411,Внедорожник
1412,Внедорожник
1413,Внедорожник
1414,Внедорожник
1415,Внедорожник
1416,Внедорожник
1417,Внедорожник
1418,Внедорожник
1419,Внедорожник
1420,Внедорожник
1421,Внедорожник
1422,Внедорожник
1423,Внедорожник
1424,Внедорожник
1425,Внедорожник
1426,Внедорожник
1427,Внедорожник
1428,Внедорожник
1429,Внедорожник
1430,Внедорожник
1431,Внедорожник
1432,Внедорожник
1433,Внедорожник
1434,Внедорожник
1435,Внедорожник
1436,Внедорожник
1437,Внедорожник
1438,Внедорожник
1439,Внедорожник
1440,Внедорожник
1441,Внедорожник
1442,Внедорожник
1443,Внедорожник
1444,Внедорожник
1445,Внедорожник
1446,Внедорожник
1447,Внедорожник
1448,Внедорожник
1449,Внедорожник
1450,Внедорожник
1451,Внедорожник
1452,Внедорожник
1453,Внедорожник
1454,Внедорожник
1455,Внедорожник
1456,Внедорожник
1457,Внедорожник
1458,Внедорожник
1459,Внедорожник
1460,Внедорожник
1461,Внедорожник
1462,Внедорожник
1463,Внедорожник
1464,Внедорожник
1465,Внедорожник
1466,Внедорожник
1467,Внедорожник
1468,Внедорожник
1469,Внедорожник
1470,Внедорожник
1471,Внедорожник
1472,Внедорожник
1473,Внедорожник
1474,Внедорожник
1475,Внедорожник
1476,Внедорожник
1477,Внедорожник
1478,Внедорожник
1479,Внедорожник
1480,Внедорожник
1481,Внедорожник
1482,Внедорожник
1483,Внедорожник
1484,Внедорожник
1485,Внедорожник
1486,Внедорожник
1487,Внедорожник
1488,Внедорожник
1489,Внедорожник
1490,Внедорожник
1491,Внедорожник
1492,Внедорожник
1493,Внедорожник
1494,Внедорожник
1495,Внедорожник
1496,Внедорожник
1497,Внедорожник
1498,Внедорожник
1499,Внедорожник
1500,Внедорожник
1501,Внедорожник
1502,Внедорожник
1503,Внедорожник
1504,Внедорожник
1505,Внедорожник
1506,Внедорожник
1507,Внедорожник
1508,Внедорожник
1509,Внедорожник
1510,Внедорожник
1511,Внедорожник
1512,Внедорожник
1513,Внедорожник
1514,Внедорожник
1515,Внедорожник
1516,Внедорожник
1517,Внедорожник
1518,Внедорожник
1519,Внедорожник
1520,Внедорожник
1521,Внедорожник
1522,Внедорожник
1523,Внедорожник
1524,Внедорожник
1525,Внедорожник
1526,Внедорожник
1527,Внедорожник
1528,Внедорожник
1529,Внедорожник
1530,Внедорожник
1531,Внедорожник
1532,Внедорожник
1533,Внедорожник
1534,Внедорожник
1535,Внедорожник
1536,Внедорожник
1537,Внедорожник
1538,Внедорожник
1539,Внедорожник
1540,Внедорожник
1541,Внедорожник
1542,Внедорожник
1543,Внедорожник
1544,Внедорожник
1545,Внедорожник
1546,Внедорожник
1547,Внедорожник
1548,Внедорожник
1549,Внедорожник
1550,Внедорожник
1551,Внедорожник
1552,Внедорожник
1553,Внедорожник
1554,Внедорожник
1555,Внедорожник
1556,Внедорожник
1557,Внедорожник
1558,Внедорожник
1559,Внедорожник
1560,Внедорожник
1561,Внедорожник
1562,Внедорожник
1563,Внедорожник
1564,Лифтбэк
1565,Лифтбэк
1566,Лифтбэк
1567,Лифтбэк
1568,Лифтбэк
1569,Лифтбэк
1570,Лифтбэк
1571,Лифтбэк
1572,Лифтбэк
1573,Лифтбэк
1574,Лифтбэк
1575,Лифтбэк
1576,Лифтбэк
1577,Лифтбэк
1578,Лифтбэк
1579,Лифтбэк
1580,Лифтбэк
1581,Лифтбэк
1582,Лифтбэк
1583,Лифтбэк
1584,Лифтбэк
1585,Лифтбэк
1586,Лифтбэк
1587,Лифтбэк
1588,Лифтбэк
1589,Лифтбэк
1590,Лифтбэк
1591,Лифтбэк
1592,Лифтбэк
1593,Лифтбэк
1594,Лифтбэк
1595,Лифтбэк
1596,Лифтбэк
1597,Лифтбэк
1598,Лифтбэк
1599,Лифтбэк
1600,Лифтбэк
1601,Лифтбэк
1602,Лифтбэк
1603,Лифтбэк
1604,Лифтбэк
1605,Лифтбэк
1606,Лифтбэк
1607,Лифтбэк
1608,Лифтбэк
1609,Лифтбэк
1610,Лифтбэк
1611,Лифтбэк
1612,Лифтбэк
1613,Лифтбэк
1614,Лифтбэк
1615,Лифтбэк
1616,Лифтбэк
1617,Лифтбэк
1618,Лифтбэк
1619,Лифтбэк
1620,Лифтбэк
1621,Лифтбэк
1622,Лифтбэк
1623,Лифтбэк
1624,Лифтбэк
1625,Лифтбэк
1626,Лифтбэк
1627,Лифтбэк
1628,Лифтбэк
1629,Лифтбэк
1630,Лифтбэк
1631,Лифтбэк
1632,Лифтбэк
1633,Лифтбэк
1634,Лифтбэк
1635,Лифтбэк
1636,Лифтбэк
1637,Лифтбэк
1638,Лифтбэк
1639,Лифтбэк
1640,Лифтбэк
1641,Лифтбэк
1642,Лифтбэк
1643,Лифтбэк
1644,Лифтбэк
1645,Лифтбэк
1646,Лифтбэк
1647,Лифтбэк
1648,Лифтбэк
1649,Лифтбэк
1650,Лифтбэк
1651,Лифтбэк
1652,Лифтбэк
1653,Лифтбэк
1654,Лифтбэк
1655,Лифтбэк
1656,Лифтбэк
1657,Лифтбэк
1658,Лифтбэк
1659,Лифтбэк
1660,Лифтбэк
1661,Лифтбэк
1662,Лифтбэк
1663,Лифтбэк
1664,Лифтбэк
1665,Лифтбэк
1666,Лифтбэк
1667,Лифтбэк
1668,Лифтбэк
1669,Лифтбэк
1670,Лифтбэк
1671,Лифтбэк
1672,Лифтбэк
1673,Лифтбэк
1674,Лифтбэк
1675,Лифтбэк
1676,Лифтбэк
1677,Лифтбэк
1678,Лифтбэк
1679,Лифтбэк
1680,Лифтбэк
1681,Лифтбэк
1682,Лифтбэк
1683,Лифтбэк
1684,Лифтбэк
1685,Лифтбэк
1686,Лифтбэк
1687,Лифтбэк
1688,Лифтбэк
1689,Лифтбэк
1690,Лифтбэк
1691,Лифтбэк
1692,Лифтбэк
1693,Лифтбэк
1694,Лифтбэк
1695,Лифтбэк
1696,Лифтбэк
1697,Лифтбэк
1698,Лифтбэк
1699,Лифтбэк
1700,Лифтбэк
1701,Лифтбэк
1702,Лифтбэк
1703,Лифтбэк
1704,Лифтбэк
1705,Лифтбэк
1706,Лифтбэк
1707,Лифтбэк
1708,Лифтбэк
1709,Лифтбэк
1710,Лифтбэк
1711,Лифтбэк
1712,Лифтбэк
1713,Лифтбэк
1714,Лифтбэк
1715,Лифтбэк
1716,Лифтбэк
1717,Лифтбэк
1718,Лифтбэк
1719,Лифтбэк
1720,Лифтбэк
1721,Лифтбэк
1722,Лифтбэк
1723,Лифтбэк
1724,Лифтбэк
1725,Лифтбэк
1726,Лифтбэк
1727,Лифтбэк
1728,Лифтбэк
1729,Лифтбэк
1730,Лифтбэк
1731,Лифтбэк
1732,Лифтбэк
1733,Лифтбэк
1734,Лифтбэк
1735,Лифтбэк
1736,Лифтбэк
1737,Лифтбэк
1738,Лифтбэк
1739,Лифтбэк
1740,Лифтбэк
1741,Лифтбэк
1742,Лифтбэк
1743,Лифтбэк
1744,Лифтбэк
1745,Лифтбэк
1746,Лифтбэк
1747,Лифтбэк
1748,Лифтбэк
1749,Лифтбэк
1750,Лифтбэк
1751,Лифтбэк
1752,Лифтбэк
1753,Лифтбэк
1754,Лифтбэк
1755,Лифтбэк
1756,Лифтбэк
1757,Лифтбэк
1758,Лифтбэк
1759,Лифтбэк
1760,Лифтбэк
1761,Лифтбэк
1762,Лифтбэк
1763,Лифтбэк
1764,Лифтбэк
1765,Лифтбэк
1766,Лифтбэк
1767,Лифтбэк
1768,Лифтбэк
1769,Лифтбэк
1770,Лифтбэк
1771,Лифтбэк
1772,Лифтбэк
1773,Лифтбэк
1774,Лифтбэк
1775,Лифтбэк
1776,Лифтбэк
1777,Лифтбэк
1778,Лифтбэк
1779,Лифтбэк
1780,Лифтбэк
1781,Лифтбэк
1782,Лифтбэк
1783,Лифтбэк
1784,Лифтбэк
1785,Лифтбэк
1786,Лифтбэк
1787,Лифтбэк
1788,Лифтбэк
1789,Лифтбэк
1790,Лифтбэк
1791,Лифтбэк
1792,Лифтбэк
1793,Лифтбэк
1794,Лифтбэк
1795,Лифтбэк
1796,Лифтбэк
1797,Лифтбэк
1798,Лифтбэк
1799,Лифтбэк
1800,Лифтбэк
1801,Лифтбэк
1802,Лифтбэк
1803,Лифтбэк
1804,Лифтбэк
1805,Лифтбэк
1806,Лифтбэк
1807,Лифтбэк
1808,Лифтбэк
1809,Лифтбэк
1810,Лифтбэк
1811,Лифтбэк
1812,Лифтбэк
1813,Лифтбэк
1814,Лифтбэк
1815,Лифтбэк
1816,Лифтбэк
1817,Лифтбэк
1818,Лифтбэк
1819,Лифтбэк
1820,Лифтбэк
1821,Лифтбэк
1822,Лифтбэк
1823,Лифтбэк
1824,Лифтбэк
1825,Лифтбэк
1826,Лифтбэк
1827,Лифтбэк
1828,Лифтбэк
1829,Лифтбэк
1830,Лифтбэк
1831,Лифтбэк
1832,Лифтбэк
1833,Лифтбэк
1834,Лифтбэк
1835,Лифтбэк
1836,Лифтбэк
1837,Лифтбэк
1838,Лифтбэк
1839,Лифтбэк
1840,Лифтбэк
1841,Лифтбэк
1842,Лифтбэк
1843,Лифтбэк
1844,Лифтбэк
1845,Лифтбэк
1846,Лифтбэк
1847,Лифтбэк
1848,Лифтбэк
1849,Лифтбэк
1850,Лифтбэк
1851,Лифтбэк
1852,Лифтбэк
1853,Лифтбэк
1854,Лифтбэк
1855,Лифтбэк
1856,Лифтбэк
1857,Лифтбэк
1858,Лифтбэк
1859,Лифтбэк
1860,Лифтбэк
1861,Лифтбэк
1862,Лифтбэк
1863,Лифтбэк
1864,Лифтбэк
1865,Лифтбэк
1866,Лифтбэк
1867,Лифтбэк
1868,Лифтбэк
1869,Лифтбэк
1870,Лифтбэк
1871,Лифтбэк
1872,Лифтбэк
1873,Лифтбэк
1874,Лифтбэк
1875,Лифтбэк
1876,Лифтбэк
1877,Лифтбэк
1878,Лифтбэк
1879,Лифтбэк
1880,Лифтбэк
1881,Лифтбэк
1882,Лифтбэк
1883,Лифтбэк
1884,Лифтбэк
1885,Лифтбэк
1886,Лифтбэк
1887,Лифтбэк
1888,Лифтбэк
1889,Лифтбэк
1890,Лифтбэк
1891,Лифтбэк
1892,Лифтбэк
1893,Лифтбэк
1894,Лифтбэк
1895,Лифтбэк
1896,Лифтбэк
1897,Лифтбэк
1898,Лифтбэк
1899,Лифтбэк
1900,Лифтбэк
1901,Лифтбэк
1902,Лифтбэк
1903,Лифтбэк
1904,Лифтбэк
1905,Лифтбэк
1906,Лифтбэк
1907,Лифтбэк
1908,Лифтбэк
1909,Лифтбэк
1910,Лифтбэк
1911,Лифтбэк
1912,Лифтбэк
1913,Лифтбэк
1914,Лифтбэк
1915,Лифтбэк
1916,Лифтбэк
1917,Лифтбэк
1918,Лифтбэк
1919,Лифтбэк
1920,Лифтбэк
1921,Лифтбэк
1922,Лифтбэк
1923,Лифтбэк
1924,Лифтбэк
1925,Лифтбэк
1926,Лифтбэк
1927,Лифтбэк
1928,Лифтбэк
1929,Лифтбэк
1930,Лифтбэк
1931,Лифтбэк
1932,Лифтбэк
1933,Лифтбэк
1934,Лифтбэк
1935,Лифтбэк
1936,Лифтбэк
1937,Лифтбэк
1938,Лифтбэк
1939,Лифтбэк
1940,Лифтбэк
1941,Лифтбэк
1942,Лифтбэк
1943,Лифтбэк
1944,Лифтбэк
1945,Лифтбэк
1946,Лифтбэк
1947,Лифтбэк
1948,Лифтбэк
1949,Лифтбэк
1950,Лифтбэк
1951,Лифтбэк
1952,Лифтбэк
1953,Лифтбэк
1954,Лифтбэк
1955,Лифтбэк
1956,Лифтбэк
1957,Лифтбэк
1958,Лифтбэк
1959,Лифтбэк
1960,Лифтбэк
1961,Лифтбэк
1962,Лифтбэк
1963,Лифтбэк
1964,Лифтбэк
1965,Лифтбэк
1966,Лифтбэк
1967,Лифтбэк
1968,Лифтбэк
1969,Лифтбэк
1970,Лифтбэк
1971,Лифтбэк
1972,Лифтбэк
1973,Лифтбэк
1974,Лифтбэк
1975,Лифтбэк
1976,Лифтбэк
1977,Лифтбэк
1978,Лифтбэк
1979,Лифтбэк
1980,Лифтбэк
1981,Лифтбэк
1982,Лифтбэк
1983,Лифтбэк
1984,Лифтбэк
1985,Лифтбэк
1986,Лифтбэк
1987,Лифтбэк
1988,Лифтбэк
1989,Лифтбэк
1990,Лифтбэк
1991,Лифтбэк
1992,Лифтбэк
1993,Лифтбэк
1994,Лифтбэк
1995,Лифтбэк
1996,Лифтбэк
1997,Лифтбэк
1998,Лифтбэк
1999,Лифтбэк
2000,Лифтбэк
2001,Лифтбэк
2002,Лифтбэк
2003,Лифтбэк
2004,Лифтбэк
2005,Лифтбэк
2006,Лифтбэк
2007,Лифтбэк
2008,Лифтбэк
2009,Лифтбэк
2010,Лифтбэк
2011,Лифтбэк
2012,Лифтбэк
2013,Лифтбэк
2014,Лифтбэк
2015,Лифтбэк
2016,Лифтбэк
2017,Лифтбэк
2018,Лифтбэк
2019,Лифтбэк
2020,Лифтбэк
2021,Лифтбэк
2022,Лифтбэк
2023,Лифтбэк
2024,Лифтбэк
2025,Лифтбэк
2026,Лифтбэк
2027,Лифтбэк
2028,Лифтбэк
2029,Лифтбэк
2030,Лифтбэк
2031,Лифтбэк
2032,Лифтбэк
2033,Лифтбэк
2034,Лифтбэк
2035,Лифтбэк
2036,Лифтбэк
2037,Лифтбэк
2038,Лифтбэк
2039,Лифтбэк
2040,Лифтбэк
2041,Лифтбэк
2042,Лифтбэк
2043,Лифтбэк
2044,Лифтбэк
2045,Лифтбэк
2046,Лифтбэк
2047,Лифтбэк
2048,Лифтбэк
2049,Лифтбэк
2050,Лифтбэк
2051,Лифтбэк
2052,Лифтбэк
2053,Лифтбэк
2054,Лифтбэк
2055,Лифтбэк
2056,Лифтбэк
2057,Лифтбэк
2058,Лифтбэк
2059,Лифтбэк
2060,Лифтбэк
2061,Лифтбэк
2062,Лифтбэк
2063,Лифтбэк
2064,Лифтбэк
2065,Лифтбэк
2066,Лифтбэк
2067,Лифтбэк
2068,Лифтбэк
2069,Лифтбэк
2070,Лифтбэк
2071,Лифтбэк
2072,Лифтбэк
2073,Лифтбэк
2074,Лифтбэк
2075,Лифтбэк
2076,Лифтбэк
2077,Лифтбэк
2078,Лифтбэк
2079,Лифтбэк
2080,Лифтбэк
2081,Лифтбэк
2082,Лифтбэк
2083,Лифтбэк
2084,Лифтбэк
2085,Лифтбэк
2086,Лифтбэк
2087,Лифтбэк
2088,Лифтбэк
2089,Лифтбэк
2090,Лифтбэк
2091,Лифтбэк
2092,Лифтбэк
2093,Лифтбэк
2094,Лифтбэк
2095,Лифтбэк
2096,Лифтбэк
2097,Лифтбэк
2098,Лифтбэк
2099,Лифтбэк
2100,Лифтбэк
2101,Лифтбэк
2102,Лифтбэк
2103,Лифтбэк
2104,Лифтбэк
2105,Лифтбэк
2106,Лифтбэк
2107,Лифтбэк
2108,Лифтбэк
2109,Лифтбэк
2110,Лифтбэк
2111,Лифтбэк
2112,Лифтбэк
2113,Лифтбэк
2114,Лифтбэк
2115,Лифтбэк
2116,Лифтбэк
2117,Лифтбэк
2118,Лифтбэк
2119,Лифтбэк
2120,Лифтбэк
2121,Лифтбэк
2122,Лифтбэк
2123,Лифтбэк
2124,Лифтбэк
2125,Лифтбэк
2126,Лифтбэк
2127,Лифтбэк
2128,Лифтбэк
2129,Лифтбэк
2130,Лифтбэк
2131,Лифтбэк
2132,Лифтбэк
2133,Лифтбэк
2134,Лифтбэк
2135,Лифтбэк
2136,Лифтбэк
2137,Лифтбэк
2138,Лифтбэк
2139,Лифтбэк
2140,Лифтбэк
2141,Лифтбэк
2142,Лифтбэк
2143,Лифтбэк
2144,Лифтбэк
2145,Лифтбэк
2146,Лифтбэк
2147,Лифтбэк
2148,Лифтбэк
2149,Лифтбэк
2150,Лифтбэк
2151,Лифтбэк
2152,Лифтбэк
2153,Лифтбэк
2154,Лифтбэк
2155,Лифтбэк
2156,Лифтбэк
2157,Лифтбэк
2158,Лифтбэк
2159,Лифтбэк
2160,Лифтбэк
2161,Лифтбэк
2162,Лифтбэк
2163,Лифтбэк
2164,Лифтбэк
2165,Лифтбэк
2166,Лифтбэк
2167,Лифтбэк
2168,Лифтбэк
2169,Лифтбэк
2170,Лифтбэк
2171,Лифтбэк
2172,Лифтбэк
2173,Лифтбэк
2174,Лифтбэк
2175,Лифтбэк
2176,Лифтбэк
2177,Лифтбэк
2178,Лифтбэк
2179,Лифтбэк
2180,Лифтбэк
2181,Лифтбэк
2182,Лифтбэк
2183,Лифтбэк
2184,Лифтбэк
2185,Лифтбэк
2186,Лифтбэк
2187,Лифтбэк
2188,Лифтбэк
2189,Лифтбэк
2190,Лифтбэк
2191,Лифтбэк
2192,Лифтбэк
2193,Лифтбэк
2194,Лифтбэк
2195,Лифтбэк
2196,Лифтбэк
2197,Лифтбэк
2198,Лифтбэк
2199,Лифтбэк
2200,Лифтбэк
2201,Лифтбэк
2202,Лифтбэк
2203,Лифтбэк
2204,Лифтбэк
2205,Лифтбэк
2206,Лифтбэк
2207,Лифтбэк
2208,Лифтбэк
2209,Лифтбэк
2210,Лифтбэк
2211,Лифтбэк
2212,Лифтбэк
2213,Лифтбэк
2214,Лифтбэк
2215,Лифтбэк
2216,Лифтбэк
2217,Лифтбэк
2218,Лифтбэк
2219,Лифтбэк
2220,Лифтбэк
2221,Лифтбэк
2222,Лифтбэк
2223,Лифтбэк
2224,Лифтбэк
2225,Лифтбэк
2226,Лифтбэк
2227,Лифтбэк
2228,Лифтбэк
2229,Лифтбэк
2230,Лифтбэк
2231,Лифтбэк
2232,Лифтбэк
2233,Лифтбэк
2234,Лифтбэк
2235,Лифтбэк
2236,Лифтбэк
2237,Лифтбэк
2238,Лифтбэк
2239,Лифтбэк
2240,Лифтбэк
2241,Лифтбэк
2242,Лифтбэк
2243,Лифтбэк
2244,Лифтбэк
2245,Лифтбэк
2246,Лифтбэк
2247,Лифтбэк
2248,Лифтбэк
2249,Лифтбэк
2250,Лифтбэк
2251,Лифтбэк
2252,Лифтбэк
2253,Лифтбэк
2254,Лифтбэк
2255,Лифтбэк
2256,Лифтбэк
2257,Лифтбэк
2258,Лифтбэк
2259,Лифтбэк
2260,Лифтбэк
2261,Лифтбэк
2262,Лифтбэк
2263,Лифтбэк
2264,Лифтбэк
2265,Лифтбэк
2266,Лифтбэк
2267,Лифтбэк
2268,Лифтбэк
2269,Лифтбэк
2270,Лифтбэк
2271,Лифтбэк
2272,Лифтбэк
2273,Лифтбэк
2274,Лифтбэк
2275,Лифтбэк
2276,Лифтбэк
2277,Лифтбэк
2278,Лифтбэк
2279,Лифтбэк
2280,Лифтбэк
2281,Лифтбэк
2282,Лифтбэк
2283,Лифтбэк
2284,Лифтбэк
2285,Лифтбэк
2286,Лифтбэк
2287,Лифтбэк
2288,Лифтбэк
2289,Лифтбэк
2290,Лифтбэк
2291,Лифтбэк
2292,Лифтбэк
2293,Лифтбэк
2294,Лифтбэк
2295,Лифтбэк
2296,Лифтбэк
2297,Лифтбэк
2298,Лифтбэк
2299,Лифтбэк
2300,Лифтбэк
2301,Лифтбэк
2302,Лифтбэк
2303,Лифтбэк
2304,Лифтбэк
2305,Лифтбэк
2306,Лифтбэк
2307,Лифтбэк
2308,Лифтбэк
2309,Лифтбэк
2310,Лифтбэк
2311,Лифтбэк
2312,Лифтбэк
2313,Лифтбэк
2314,Лифтбэк
2315,Лифтбэк
2316,Лифтбэк
2317,Лифтбэк
2318,Лифтбэк
